<?xml version="1.0" encoding="UTF-8"?> 
 <posts> 
 <post id="MS_2196_31548641">
      <user id="MS_113334261">
        <username>Miss_Sunshine85</username>
        <sex>F</sex>
        <age>23</age>
        <city>LEXINGTON</city>
        <province>North Carolina</province>
        <country>US</country>
      </user>
      <date>1191257580</date>
      <body>I am making a fan page.... for miley and supporting her.....</body>
    </post> 
 <post id="MS_2196_31561992">
      <user id="MS_154417490">
        <username>hateMEL</username>
        <sex>F</sex>
        <age>90</age>
        <city>drinking tea in</city>
        <province>New York</province>
        <country>US</country>
      </user>
      <date>1191286920</date>
      <body>yeah and while youre at it, kill yerself.</body>
    </post> 
 <post id="MS_2196_31564346">
      <user id="MS_5497885">
        <username>Mista Chan</username>
        <sex>M</sex>
        <age>23</age>
        <city>Bangor</city>
        <province>Maine</province>
        <country>US</country>
      </user>
      <date>1191297900</date>
      <body>What hateMEL said.</body>
    </post> 
 <post id="MS_2196_31572079">
      <user id="MS_236173883">
        <username>Maria</username>
        <sex>F</sex>
        <age>16</age>
        <city>Middlesex</city>
        <province>London and South East</province>
        <country>UK</country>
      </user>
      <date>1191313740</date>
      <body>love hannah montanaaaa</body>
    </post> 
 <post id="MS_2196_31689980">
      <user id="MS_9579918">
        <username>*~LIL ONE!!~*</username>
        <sex>F</sex>
        <age>19</age>
        <city>UNIVERSAL CITY</city>
        <province>Texas</province>
        <country>US</country>
      </user>
      <date>1191521100</date>
      <body>Heck no it's Jackson all the way!  :P</body>
    </post> 
 <post id="MS_2196_31702537">
      <user id="MS_58525502">
        <username>i â&#153;¥ him</username>
        <sex>F</sex>
        <age>16</age>
        <city>London</city>
        <province>South</province>
        <country>UK</country>
      </user>
      <date>1191555060</date>
      <body>urgh i h8 that show!</body>
    </post> 
 <post id="MS_2196_31702752">
      <user id="MS_2775196">
        <username>Unnecessary Roughness</username>
        <sex>F</sex>
        <age>20</age>
        <city>MACOMB</city>
        <province>MICHIGAN</province>
        <country>US</country>
      </user>
      <date>1191555840</date>
      <body>love hannah montana. young respectable artist.. kids need that.</body>
    </post> 
 <post id="MS_2196_31714281">
      <user id="MS_248519560">
        <username>Bill</username>
        <sex>M</sex>
        <age>17</age>
        <city>No</city>
        <province>Michigan</province>
        <country>US</country>
      </user>
      <date>1191575880</date>
      <body>  Hilary Duff was a better role model first. Miley is just a follower. :p  But, lol, Disney television.</body>
    </post> 
 <post id="MS_2196_31714691">
      <user id="MS_2775196">
        <username>Unnecessary Roughness</username>
        <sex>F</sex>
        <age>20</age>
        <city>MACOMB</city>
        <province>MICHIGAN</province>
        <country>US</country>
      </user>
      <date>1191576480</date>
      <body>now that i must agree lol</body>
    </post> 
 <post id="MS_2196_31722082">
      <user id="MS_200237971">
        <username>Tanner</username>
        <sex>F</sex>
        <age>104</age>
        <city>US</city>
        <province/>
        <country/>
      </user>
      <date>1191585540</date>
      <body>I love hannah montana. you should add me to the group : )</body>
    </post>
</posts> 
