<?xml version="1.0" encoding="UTF-8"?> 
 <posts> 
 <post id="MS_10266_32488106">
      <user id="MS_119052551">
        <username>Carly</username>
        <sex>M</sex>
        <age>22</age>
        <city>LAKE WORTH</city>
        <province>Florida</province>
        <country>US</country>
      </user>
      <date>1192979220</date>
      <body> I did. I just want to see how it will go this time. OOps...it doesn't seem to be getting any attention...</body>
    </post> 
 <post id="MS_10266_32488391">
      <user id="MS_47511853">
        <username>mark alexander</username>
        <sex>M</sex>
        <age>22</age>
        <city>Verdun,</city>
        <province>Quebec</province>
        <country>CA</country>
      </user>
      <date>1192979580</date>
      <body>#5. i should do that as a part-time job. my island's biug enough for a few deflowerers</body>
    </post> 
 <post id="MS_10266_32490479">
      <user id="MS_175473882">
        <username>By The Con$ent Of The Governed</username>
        <sex>M</sex>
        <age>45</age>
        <city>Tyee City</city>
        <province>California</province>
        <country>US</country>
      </user>
      <date>1192982460</date>
      <body>Hold all of my calls, I'm moving to Guam...</body>
    </post> 
 <post id="MS_10266_32510501">
      <user id="MS_11626085">
        <username>Marty</username>
        <sex>M</sex>
        <age>20</age>
        <city>PALOS HEIGHTS</city>
        <province>ILLINOIS</province>
        <country>US</country>
      </user>
      <date>1193025300</date>
      <body>I wish I lived in guam and had that job.</body>
    </post> 
 <post id="MS_10266_32510511">
      <user id="MS_11626085">
        <username>Marty</username>
        <sex>M</sex>
        <age>20</age>
        <city>PALOS HEIGHTS</city>
        <province>ILLINOIS</province>
        <country>US</country>
      </user>
      <date>1193025360</date>
      <body> Yes we do.</body>
    </post> 
 <post id="MS_10266_32511352">
      <user id="MS_11626085">
        <username>Marty</username>
        <sex>M</sex>
        <age>20</age>
        <city>PALOS HEIGHTS</city>
        <province>ILLINOIS</province>
        <country>US</country>
      </user>
      <date>1193027280</date>
      <body>I think I'll use #5 to pay for Law School.</body>
    </post> 
 <post id="MS_10266_32512206">
      <user id="MS_98138810">
        <username>keith</username>
        <sex>M</sex>
        <age>39</age>
        <city>PERRY</city>
        <province>Florida</province>
        <country>US</country>
      </user>
      <date>1193028780</date>
      <body>Number 5 is.....alive.</body>
    </post> 
 <post id="MS_10266_32513842">
      <user id="MS_124878143">
        <username>JoeÂ©</username>
        <sex>M</sex>
        <age>34</age>
        <city>MOUNT PLEASANT</city>
        <province>Michigan</province>
        <country>US</country>
      </user>
      <date>1193031480</date>
      <body>I'm having a hard time believing that Islamic laws regulate- but do not prohibit- beastiality.  That seems counterintuitive. You got sources for those laws??</body>
    </post> 
 <post id="MS_10266_32516765">
      <user id="MS_65863169">
        <username>Dan</username>
        <sex>M</sex>
        <age>22</age>
        <city>Brighton</city>
        <province>London and South East</province>
        <country>UK</country>
      </user>
      <date>1193035740</date>
      <body>  Eh? How on earth did this one come about? Best thing about Liverpool though.</body>
    </post> 
 <post id="MS_10266_32517002">
      <user id="MS_35008563">
        <username>Ashley *Loses a lot of e-fights*</username>
        <sex>F</sex>
        <age>23</age>
        <city>Mons</city>
        <province/>
        <country>BE</country>
      </user>
      <date>1193036040</date>
      <body>these arent weird..a weird law is..you cant have your gold fish on a city bus on a wednesday unless its in a fish bowl.  or...in (some land locked state i cant remember) you cant shoot a whale unless you are on the hood of your car   those are weird.</body>
    </post>
</posts> 
