<?xml version="1.0" encoding="UTF-8"?> 
 <posts> 
 <post id="MS_11152_41915996">
      <user id="MS_74123333">
        <username>SORAL~ for the people, by the people</username>
        <sex>M</sex>
        <age>27</age>
        <city>Redding</city>
        <province>CONNECTICUT</province>
        <country>US</country>
      </user>
      <date>1208952240</date>
      <body>ill believe it when i see it  Hillary Clinton's campaign says it is on track to raise $10 million online in the 24 hours since the Pennsylvania primary results were announced.  "Senator Clinton's game-changing victory last night has turned the tide and resulted in an historic outpouring of grassroots support," Clinton Campaign Chairman Terry McAuliffe said in a statement. "Just like Hillary, our supporters have met every challenge and come through each time. Thanks to them, we will have the resources needed to compete and win as we move ahead to the next contests."  The campaign also said over 60,000 donors â&#128;&#148; 50,000 of them new â&#128;&#148; have given money to Clinton from Tuesday night through noon Wednesday.</body>
    </post> 
 <post id="MS_11152_41916094">
      <user id="MS_56806352">
        <username>Matt -- Changes Names For Fun</username>
        <sex>M</sex>
        <age>24</age>
        <city>Shangrila</city>
        <province>Virginia</province>
        <country>US</country>
      </user>
      <date>1208952300</date>
      <body>Since these donations are made public knowledge, wouldn't it be kind of stupid to lie about it?</body>
    </post> 
 <post id="MS_11152_41916113">
      <user id="MS_129935321">
        <username>Artzilla</username>
        <sex>F</sex>
        <age>40</age>
        <city>KEW GARDENS</city>
        <province>New York</province>
        <country>US</country>
      </user>
      <date>1208952300</date>
      <body>Yes, I posted this earlier., It is unsurprising, that after a win donations go up. And why would you see her $10 mill? lol</body>
    </post> 
 <post id="MS_11152_41916208">
      <user id="MS_235821724">
        <username>christopher</username>
        <sex>M</sex>
        <age>26</age>
        <city>US</city>
        <province/>
        <country/>
      </user>
      <date>1208952420</date>
      <body>I'm not saying that they are lying,but do you honestly trust anything coming from Hillary's camp?</body>
    </post> 
 <post id="MS_11152_41916305">
      <user id="MS_56806352">
        <username>Matt -- Changes Names For Fun</username>
        <sex>M</sex>
        <age>24</age>
        <city>Shangrila</city>
        <province>Virginia</province>
        <country>US</country>
      </user>
      <date>1208952540</date>
      <body>  Case by case basis; things like this? Yeah.</body>
    </post> 
 <post id="MS_11152_41918179">
      <user id="MS_238935762">
        <username>The Ogre.</username>
        <sex>F</sex>
        <age>68</age>
        <city>GREEN BAY</city>
        <province>Wisconsin</province>
        <country>US</country>
      </user>
      <date>1208954640</date>
      <body>I heard she owes a heck of a lot of money.</body>
    </post> 
 <post id="MS_11152_41918248">
      <user id="MS_315450854">
        <username>Tyler</username>
        <sex>M</sex>
        <age>21</age>
        <city>LONGVIEW</city>
        <province>Washington</province>
        <country>US</country>
      </user>
      <date>1208954760</date>
      <body>  Some places are refusing to cater her events because she has produced a nasty reputation of not paying.</body>
    </post> 
 <post id="MS_11152_41918795">
      <user id="MS_238935762">
        <username>The Ogre.</username>
        <sex>F</sex>
        <age>68</age>
        <city>GREEN BAY</city>
        <province>Wisconsin</province>
        <country>US</country>
      </user>
      <date>1208955360</date>
      <body> Some college was all set to sue her.</body>
    </post> 
 <post id="MS_11152_41918843">
      <user id="MS_238935762">
        <username>The Ogre.</username>
        <sex>F</sex>
        <age>68</age>
        <city>GREEN BAY</city>
        <province>Wisconsin</province>
        <country>US</country>
      </user>
      <date>1208955420</date>
      <body> Oh, I don't know. Something about sniper fire? A kitchen sink strategy?</body>
    </post> 
 <post id="MS_11152_41918998">
      <user id="MS_30605031">
        <username>Jamie</username>
        <sex>M</sex>
        <age>24</age>
        <city>Springfield</city>
        <province>Missouri</province>
        <country>US</country>
      </user>
      <date>1208955600</date>
      <body>Hey I am a blue collar worker, and I support Obama, and I am white am I a dichotomy. Also I am an evangelical Christian and a young person. I am the average Obama supporter no. Hillary thinks all blue collars will vote for her give me a freakin break.</body>
    </post>
</posts> 
