<?xml version="1.0" encoding="UTF-8"?> 
 <posts> 
 <post id="MS_26205_42744393">
      <user id="MS_281376640">
        <username>Chris</username>
        <sex>M</sex>
        <age>24</age>
        <city>New Hampshire</city>
        <province/>
        <country>US</country>
      </user>
      <date>1210290900</date>
      <body>http://glipress.blogspot.com/2008/05/review-13-rule-breaking-fil ms.html  Thoughts?</body>
    </post> 
 <post id="MS_26205_42746122">
      <user id="MS_56471204">
        <username>KoalaofDoom, The Humble Magnificent</username>
        <sex>M</sex>
        <age>26</age>
        <city>Gotham City</city>
        <province/>
        <country>UK</country>
      </user>
      <date>1210296960</date>
      <body>I was happy to see Empire Strikes Back in that list, I was gonna post that in the Biggest Twist thread.  Really interesting read.</body>
    </post> 
 <post id="MS_26205_42748198">
      <user id="MS_141172136">
        <username>annie</username>
        <sex>F</sex>
        <age>37</age>
        <city>ROCKAWAY</city>
        <province>New York</province>
        <country>US</country>
      </user>
      <date>1210304640</date>
      <body>It's saying "Blog not found"...why is everything so difficult for me?</body>
    </post> 
 <post id="MS_26205_42748237">
      <user id="MS_55711576">
        <username>Kristi [NO DAY BUT TODAY]</username>
        <sex>F</sex>
        <age>33</age>
        <city>Leander</city>
        <province>Texas</province>
        <country>US</country>
      </user>
      <date>1210304760</date>
      <body>  Not just you...it said that to me also</body>
    </post> 
 <post id="MS_26205_42748242">
      <user id="MS_56471204">
        <username>KoalaofDoom, The Humble Magnificent</username>
        <sex>M</sex>
        <age>26</age>
        <city>Gotham City</city>
        <province/>
        <country>UK</country>
      </user>
      <date>1210304760</date>
      <body>  Check the adress line there is a break in the adress</body>
    </post> 
 <post id="MS_26205_42748283">
      <user id="MS_141172136">
        <username>annie</username>
        <sex>F</sex>
        <age>37</age>
        <city>ROCKAWAY</city>
        <province>New York</province>
        <country>US</country>
      </user>
      <date>1210304880</date>
      <body> what?</body>
    </post> 
 <post id="MS_26205_42748370">
      <user id="MS_55711576">
        <username>Kristi [NO DAY BUT TODAY]</username>
        <sex>F</sex>
        <age>33</age>
        <city>Leander</city>
        <province>Texas</province>
        <country>US</country>
      </user>
      <date>1210305060</date>
      <body>  Thanks</body>
    </post> 
 <post id="MS_26205_42748529">
      <user id="MS_56471204">
        <username>KoalaofDoom, The Humble Magnificent</username>
        <sex>M</sex>
        <age>26</age>
        <city>Gotham City</city>
        <province/>
        <country>UK</country>
      </user>
      <date>1210305480</date>
      <body>In the adress you have to copy, their is a break inbetween (fi lms) delete the space and try again.....</body>
    </post> 
 <post id="MS_26205_42748827">
      <user id="MS_15274787">
        <username>McGinty</username>
        <sex>M</sex>
        <age>40</age>
        <city>Queens</city>
        <province>NEW YORK</province>
        <country>US</country>
      </user>
      <date>1210306140</date>
      <body>I found the article on this link:  http://glipress.blogspot.com/2008/05/review-13-rule-breaking-fil ms.html  The author is obviously passionate about film, and makes some good points.  Although I think there's too much attention paid to The Empire Strikes Back, which I do not view as a groundbreaking film, sorry.  Time Code is a cheap gimmick movie, and very hard to watch for more than 10 minutes.  Requiem for a Dream is not the first anti-drug movie.  And, as groundbreaking films go, where was Citizen Kane?  I would have also mentioned Metropolis, M, The Day the Earth Stood Still, 2001, Dr. Strangelove, Anatomy of a Murder, Blade Runner, Rope, and several silent films like The Cabinet of Dr. Caligari &amp; The Passion of Joan of Arc if I was talking about films with a notable influence years after they were made.</body>
    </post> 
 <post id="MS_26205_42748868">
      <user id="MS_141172136">
        <username>annie</username>
        <sex>F</sex>
        <age>37</age>
        <city>ROCKAWAY</city>
        <province>New York</province>
        <country>US</country>
      </user>
      <date>1210306200</date>
      <body> ahhhh...will do</body>
    </post>
</posts> 
