<?xml version="1.0" encoding="UTF-8"?> 
 <posts> 
 <post id="MS_31001_44105235">
      <user id="MS_165864578">
        <username>C. Allen Bell</username>
        <sex>M</sex>
        <age>108</age>
        <city>South philadelphia</city>
        <province>Pennsylvania</province>
        <country>US</country>
      </user>
      <date>1212567900</date>
      <body>I loathe that show.</body>
    </post> 
 <post id="MS_31001_44105359">
      <user id="MS_141172136">
        <username>annie</username>
        <sex>F</sex>
        <age>37</age>
        <city>ROCKAWAY</city>
        <province>New York</province>
        <country>US</country>
      </user>
      <date>1212568020</date>
      <body>Any sitcom could be made a slasher film and make good money</body>
    </post> 
 <post id="MS_31001_44105482">
      <user id="MS_165864578">
        <username>C. Allen Bell</username>
        <sex>M</sex>
        <age>108</age>
        <city>South philadelphia</city>
        <province>Pennsylvania</province>
        <country>US</country>
      </user>
      <date>1212568200</date>
      <body>redbelle is prepared to start a new trend.</body>
    </post> 
 <post id="MS_31001_44105570">
      <user id="MS_141172136">
        <username>annie</username>
        <sex>F</sex>
        <age>37</age>
        <city>ROCKAWAY</city>
        <province>New York</province>
        <country>US</country>
      </user>
      <date>1212568260</date>
      <body> You'd better get on the ball, before someone steals this idea...</body>
    </post> 
 <post id="MS_31001_44105723">
      <user id="MS_207188824">
        <username>Robo-Pennies 2.0</username>
        <sex>M</sex>
        <age>26</age>
        <city>Texas</city>
        <province/>
        <country>US</country>
      </user>
      <date>1212568440</date>
      <body>our R rated jeffersons remake is going to be awesome. george kills weezey so he can become her.  </body>
    </post> 
 <post id="MS_31001_44105789">
      <user id="MS_165864578">
        <username>C. Allen Bell</username>
        <sex>M</sex>
        <age>108</age>
        <city>South philadelphia</city>
        <province>Pennsylvania</province>
        <country>US</country>
      </user>
      <date>1212568500</date>
      <body>he cuts her skin off and wears it while touching himself.</body>
    </post> 
 <post id="MS_31001_44107808">
      <user id="MS_45836412">
        <username>Misty</username>
        <sex>F</sex>
        <age>26</age>
        <city>Arab</city>
        <province>Alabama</province>
        <country>US</country>
      </user>
      <date>1212570720</date>
      <body>  Six Feet Under is a great show, but after 5 seasons (not to mention the way the last one ended, what with the flashes into the future so we know what happens with the characters) a movie would be bizarre.  I'd LOVE to see a continuation of Carnivale though. That could definately work on the big screen. Still can't believe it was cancelled... Ugh.  A Deadwood or Soprano movie would be cool.</body>
    </post> 
 <post id="MS_31001_44116911">
      <user id="MS_290235551">
        <username>the good,the bad and the fugly</username>
        <sex>M</sex>
        <age>32</age>
        <city>WOODSIDE</city>
        <province>New York</province>
        <country>US</country>
      </user>
      <date>1212580260</date>
      <body>Gregg The bunny. Mork and Mindy. Happy Days. The Monkeys.</body>
    </post> 
 <post id="MS_31001_44130960">
      <user id="MS_380990860">
        <username>moviedotnet</username>
        <sex>M</sex>
        <age>35</age>
        <city>Melbourne</city>
        <province>Victoria</province>
        <country>AU</country>
      </user>
      <date>1212598200</date>
      <body>Seinfeld. The movie where nothing happens. Not that there is anything wrong with that.  The A-Team with the originals minus Hannibal.</body>
    </post> 
 <post id="MS_31001_44136537">
      <user id="MS_290235551">
        <username>the good,the bad and the fugly</username>
        <sex>M</sex>
        <age>32</age>
        <city>WOODSIDE</city>
        <province>New York</province>
        <country>US</country>
      </user>
      <date>1212604260</date>
      <body> Was't that bee movie a spoof of the seinfeld sitcom.</body>
    </post>
</posts> 
