<?xml version="1.0" encoding="UTF-8"?> 
 <posts> 
 <post id="MS_31001_44156569">
      <user id="MS_207188824">
        <username>Robo-Pennies 2.0</username>
        <sex>M</sex>
        <age>26</age>
        <city>Texas</city>
        <province/>
        <country>US</country>
      </user>
      <date>1212643920</date>
      <body>you shouldn't be, you're the one who hit him with your car.</body>
    </post> 
 <post id="MS_31001_44157004">
      <user id="MS_165864578">
        <username>C. Allen Bell</username>
        <sex>M</sex>
        <age>108</age>
        <city>South philadelphia</city>
        <province>Pennsylvania</province>
        <country>US</country>
      </user>
      <date>1212644640</date>
      <body>No way! I had no idea that was him. i was in such a rush to ditch the body. He wasn't even totally dead. I had to kick in his face until he finally stopped jerking around.</body>
    </post> 
 <post id="MS_31001_44157693">
      <user id="MS_207188824">
        <username>Robo-Pennies 2.0</username>
        <sex>M</sex>
        <age>26</age>
        <city>Texas</city>
        <province/>
        <country>US</country>
      </user>
      <date>1212645660</date>
      <body>that's so inconsiderate when victims hang on and don't just die.</body>
    </post> 
 <post id="MS_31001_44157742">
      <user id="MS_165864578">
        <username>C. Allen Bell</username>
        <sex>M</sex>
        <age>108</age>
        <city>South philadelphia</city>
        <province>Pennsylvania</province>
        <country>US</country>
      </user>
      <date>1212645720</date>
      <body>No it totally wasn't his fault. his limbs were suck in there it was real weird. i never knew limbs could twist like that.</body>
    </post> 
 <post id="MS_31001_44157879">
      <user id="MS_207188824">
        <username>Robo-Pennies 2.0</username>
        <sex>M</sex>
        <age>26</age>
        <city>Texas</city>
        <province/>
        <country>US</country>
      </user>
      <date>1212645900</date>
      <body>you give people the benefit of the doubt too much.</body>
    </post> 
 <post id="MS_31001_44158002">
      <user id="MS_165864578">
        <username>C. Allen Bell</username>
        <sex>M</sex>
        <age>108</age>
        <city>South philadelphia</city>
        <province>Pennsylvania</province>
        <country>US</country>
      </user>
      <date>1212646080</date>
      <body>I just like to talk nicely about people who have passed.</body>
    </post> 
 <post id="MS_31001_44158339">
      <user id="MS_207188824">
        <username>Robo-Pennies 2.0</username>
        <sex>M</sex>
        <age>26</age>
        <city>Texas</city>
        <province/>
        <country>US</country>
      </user>
      <date>1212646560</date>
      <body>gas?</body>
    </post> 
 <post id="MS_31001_44159601">
      <user id="MS_234318285">
        <username>Morpheus</username>
        <sex>M</sex>
        <age>20</age>
        <city>J-ville</city>
        <province>Florida</province>
        <country>US</country>
      </user>
      <date>1212648420</date>
      <body>I want another Beavis and Butthead movie! I would have thought Mike Judge would have made one by now.</body>
    </post> 
 <post id="MS_31001_44161543">
      <user id="MS_290235551">
        <username>the good,the bad and the fugly</username>
        <sex>M</sex>
        <age>32</age>
        <city>WOODSIDE</city>
        <province>New York</province>
        <country>US</country>
      </user>
      <date>1212651000</date>
      <body> Would not happen with how much Star s ask to do voices for movie characters he would not make that much money. and besides who would they get that has't sickend you already.</body>
    </post> 
 <post id="MS_31001_44255559">
      <user id="MS_167092857">
        <username>Krystian</username>
        <sex>F</sex>
        <age>17</age>
        <city>Portsmouth</city>
        <province>Virginia</province>
        <country>US</country>
      </user>
      <date>1212779100</date>
      <body>Pushing Daisies</body>
    </post>
</posts> 
