<?xml version="1.0" encoding="UTF-8"?> 
 <posts> 
 <post id="MS_31001_44116911">
      <user id="MS_290235551">
        <username>the good,the bad and the fugly</username>
        <sex>M</sex>
        <age>32</age>
        <city>WOODSIDE</city>
        <province>New York</province>
        <country>US</country>
      </user>
      <date>1212580260</date>
      <body>Gregg The bunny. Mork and Mindy. Happy Days. The Monkeys.</body>
    </post> 
 <post id="MS_31001_44130960">
      <user id="MS_380990860">
        <username>moviedotnet</username>
        <sex>M</sex>
        <age>35</age>
        <city>Melbourne</city>
        <province>Victoria</province>
        <country>AU</country>
      </user>
      <date>1212598200</date>
      <body>Seinfeld. The movie where nothing happens. Not that there is anything wrong with that.  The A-Team with the originals minus Hannibal.</body>
    </post> 
 <post id="MS_31001_44136537">
      <user id="MS_290235551">
        <username>the good,the bad and the fugly</username>
        <sex>M</sex>
        <age>32</age>
        <city>WOODSIDE</city>
        <province>New York</province>
        <country>US</country>
      </user>
      <date>1212604260</date>
      <body> Was't that bee movie a spoof of the seinfeld sitcom.</body>
    </post> 
 <post id="MS_31001_44139534">
      <user id="MS_129435035">
        <username>Dixie Duke</username>
        <sex>F</sex>
        <age>23</age>
        <city>Hazzard County</city>
        <province>Georgia</province>
        <country>US</country>
      </user>
      <date>1212607980</date>
      <body>Baywatch: The movie. I predict Oscars for DavidÃ&#130;Â Hasselhoff and Pamela Anderson.</body>
    </post> 
 <post id="MS_31001_44141228">
      <user id="MS_60439146">
        <username>El REY a.k.a. Da Franchise</username>
        <sex>M</sex>
        <age>25</age>
        <city>BRONX</city>
        <province>New York</province>
        <country>US</country>
      </user>
      <date>1212610080</date>
      <body>I would like to see who they would cast for these shows.   Saved By the Bell Family Matters Fresh Prince of Bel Air Full House</body>
    </post> 
 <post id="MS_31001_44154177">
      <user id="MS_165864578">
        <username>C. Allen Bell</username>
        <sex>M</sex>
        <age>108</age>
        <city>South philadelphia</city>
        <province>Pennsylvania</province>
        <country>US</country>
      </user>
      <date>1212639180</date>
      <body> why without hannibal?</body>
    </post> 
 <post id="MS_31001_44154339">
      <user id="MS_141172136">
        <username>annie</username>
        <sex>F</sex>
        <age>37</age>
        <city>ROCKAWAY</city>
        <province>New York</province>
        <country>US</country>
      </user>
      <date>1212639600</date>
      <body> George Peppard died :(</body>
    </post> 
 <post id="MS_31001_44156493">
      <user id="MS_165864578">
        <username>C. Allen Bell</username>
        <sex>M</sex>
        <age>108</age>
        <city>South philadelphia</city>
        <province>Pennsylvania</province>
        <country>US</country>
      </user>
      <date>1212643800</date>
      <body>oh i was unaware.</body>
    </post> 
 <post id="MS_31001_44156569">
      <user id="MS_207188824">
        <username>Robo-Pennies 2.0</username>
        <sex>M</sex>
        <age>26</age>
        <city>Texas</city>
        <province/>
        <country>US</country>
      </user>
      <date>1212643920</date>
      <body>you shouldn't be, you're the one who hit him with your car.</body>
    </post> 
 <post id="MS_31001_44157004">
      <user id="MS_165864578">
        <username>C. Allen Bell</username>
        <sex>M</sex>
        <age>108</age>
        <city>South philadelphia</city>
        <province>Pennsylvania</province>
        <country>US</country>
      </user>
      <date>1212644640</date>
      <body>No way! I had no idea that was him. i was in such a rush to ditch the body. He wasn't even totally dead. I had to kick in his face until he finally stopped jerking around.</body>
    </post>
</posts> 
