<?xml version="1.0" encoding="UTF-8"?> 
 <posts> 
 <post id="MS_31001_44154177">
      <user id="MS_165864578">
        <username>C. Allen Bell</username>
        <sex>M</sex>
        <age>108</age>
        <city>South philadelphia</city>
        <province>Pennsylvania</province>
        <country>US</country>
      </user>
      <date>1212639180</date>
      <body> why without hannibal?</body>
    </post> 
 <post id="MS_31001_44154339">
      <user id="MS_141172136">
        <username>annie</username>
        <sex>F</sex>
        <age>37</age>
        <city>ROCKAWAY</city>
        <province>New York</province>
        <country>US</country>
      </user>
      <date>1212639600</date>
      <body> George Peppard died :(</body>
    </post> 
 <post id="MS_31001_44156493">
      <user id="MS_165864578">
        <username>C. Allen Bell</username>
        <sex>M</sex>
        <age>108</age>
        <city>South philadelphia</city>
        <province>Pennsylvania</province>
        <country>US</country>
      </user>
      <date>1212643800</date>
      <body>oh i was unaware.</body>
    </post> 
 <post id="MS_31001_44156569">
      <user id="MS_207188824">
        <username>Robo-Pennies 2.0</username>
        <sex>M</sex>
        <age>26</age>
        <city>Texas</city>
        <province/>
        <country>US</country>
      </user>
      <date>1212643920</date>
      <body>you shouldn't be, you're the one who hit him with your car.</body>
    </post> 
 <post id="MS_31001_44157004">
      <user id="MS_165864578">
        <username>C. Allen Bell</username>
        <sex>M</sex>
        <age>108</age>
        <city>South philadelphia</city>
        <province>Pennsylvania</province>
        <country>US</country>
      </user>
      <date>1212644640</date>
      <body>No way! I had no idea that was him. i was in such a rush to ditch the body. He wasn't even totally dead. I had to kick in his face until he finally stopped jerking around.</body>
    </post> 
 <post id="MS_31001_44157693">
      <user id="MS_207188824">
        <username>Robo-Pennies 2.0</username>
        <sex>M</sex>
        <age>26</age>
        <city>Texas</city>
        <province/>
        <country>US</country>
      </user>
      <date>1212645660</date>
      <body>that's so inconsiderate when victims hang on and don't just die.</body>
    </post> 
 <post id="MS_31001_44157742">
      <user id="MS_165864578">
        <username>C. Allen Bell</username>
        <sex>M</sex>
        <age>108</age>
        <city>South philadelphia</city>
        <province>Pennsylvania</province>
        <country>US</country>
      </user>
      <date>1212645720</date>
      <body>No it totally wasn't his fault. his limbs were suck in there it was real weird. i never knew limbs could twist like that.</body>
    </post> 
 <post id="MS_31001_44157879">
      <user id="MS_207188824">
        <username>Robo-Pennies 2.0</username>
        <sex>M</sex>
        <age>26</age>
        <city>Texas</city>
        <province/>
        <country>US</country>
      </user>
      <date>1212645900</date>
      <body>you give people the benefit of the doubt too much.</body>
    </post> 
 <post id="MS_31001_44158002">
      <user id="MS_165864578">
        <username>C. Allen Bell</username>
        <sex>M</sex>
        <age>108</age>
        <city>South philadelphia</city>
        <province>Pennsylvania</province>
        <country>US</country>
      </user>
      <date>1212646080</date>
      <body>I just like to talk nicely about people who have passed.</body>
    </post> 
 <post id="MS_31001_44158339">
      <user id="MS_207188824">
        <username>Robo-Pennies 2.0</username>
        <sex>M</sex>
        <age>26</age>
        <city>Texas</city>
        <province/>
        <country>US</country>
      </user>
      <date>1212646560</date>
      <body>gas?</body>
    </post>
</posts> 
