<?xml version="1.0" encoding="UTF-8"?> 
 <posts> 
 <post id="MS_31001_44099208">
      <user id="MS_165864578">
        <username>C. Allen Bell</username>
        <sex>M</sex>
        <age>108</age>
        <city>South philadelphia</city>
        <province>Pennsylvania</province>
        <country>US</country>
      </user>
      <date>1212558780</date>
      <body>I thought HBO already made their own movies. home box office. home where you live.</body>
    </post> 
 <post id="MS_31001_44099246">
      <user id="MS_207188824">
        <username>Robo-Pennies 2.0</username>
        <sex>M</sex>
        <age>26</age>
        <city>Texas</city>
        <province/>
        <country>US</country>
      </user>
      <date>1212558900</date>
      <body>they should do a csi:maimi/pink panther crossover.</body>
    </post> 
 <post id="MS_31001_44099283">
      <user id="MS_165864578">
        <username>C. Allen Bell</username>
        <sex>M</sex>
        <age>108</age>
        <city>South philadelphia</city>
        <province>Pennsylvania</province>
        <country>US</country>
      </user>
      <date>1212558960</date>
      <body>will it have beyonce in it?</body>
    </post> 
 <post id="MS_31001_44099307">
      <user id="MS_207188824">
        <username>Robo-Pennies 2.0</username>
        <sex>M</sex>
        <age>26</age>
        <city>Texas</city>
        <province/>
        <country>US</country>
      </user>
      <date>1212559020</date>
      <body>she's contributing 3 new songs to the soundtrack. david caruso is doing 2.</body>
    </post> 
 <post id="MS_31001_44099479">
      <user id="MS_165864578">
        <username>C. Allen Bell</username>
        <sex>M</sex>
        <age>108</age>
        <city>South philadelphia</city>
        <province>Pennsylvania</province>
        <country>US</country>
      </user>
      <date>1212559380</date>
      <body>This all sounds very promising. it will be PG right? we need to shelter the innocent.</body>
    </post> 
 <post id="MS_31001_44099488">
      <user id="MS_284857110">
        <username>dep</username>
        <sex>M</sex>
        <age>99</age>
        <city>Where the Horny Girls Aren't.</city>
        <province>Florida</province>
        <country>US</country>
      </user>
      <date>1212559380</date>
      <body>Sliders.</body>
    </post> 
 <post id="MS_31001_44100254">
      <user id="MS_344194763">
        <username>michelle</username>
        <sex>F</sex>
        <age>32</age>
        <city>UK</city>
        <province/>
        <country/>
      </user>
      <date>1212560880</date>
      <body>i would love to see friends</body>
    </post> 
 <post id="MS_31001_44100674">
      <user id="MS_141172136">
        <username>annie</username>
        <sex>F</sex>
        <age>37</age>
        <city>ROCKAWAY</city>
        <province>New York</province>
        <country>US</country>
      </user>
      <date>1212561480</date>
      <body> Yes, I'd love to see them in maybe a Hostel type movie...</body>
    </post> 
 <post id="MS_31001_44100801">
      <user id="MS_165864578">
        <username>C. Allen Bell</username>
        <sex>M</sex>
        <age>108</age>
        <city>South philadelphia</city>
        <province>Pennsylvania</province>
        <country>US</country>
      </user>
      <date>1212561660</date>
      <body>wow radbelle will have to get on this one.</body>
    </post> 
 <post id="MS_31001_44101175">
      <user id="MS_141172136">
        <username>annie</username>
        <sex>F</sex>
        <age>37</age>
        <city>ROCKAWAY</city>
        <province>New York</province>
        <country>US</country>
      </user>
      <date>1212562140</date>
      <body> a huge summer blockbuster for Radbelle</body>
    </post>
</posts> 
