<?xml version="1.0" encoding="UTF-8"?> 
 <posts> 
 <post id="MS_1275_44530447">
      <user id="MS_350808254">
        <username>The [Epit0me] of PerFecTion</username>
        <sex>F</sex>
        <age>23</age>
        <city>WiDe AwaKe/Kenly</city>
        <province>North Carolina</province>
        <country>US</country>
      </user>
      <date>1213211340</date>
      <body> im single</body>
    </post> 
 <post id="MS_1275_44530510">
      <user id="MS_182070469">
        <username>The Mighty S Man</username>
        <sex>M</sex>
        <age>17</age>
        <city>Anoka</city>
        <province>Minnesota</province>
        <country>US</country>
      </user>
      <date>1213211400</date>
      <body>oh you don't look it</body>
    </post> 
 <post id="MS_1275_44530631">
      <user id="MS_350808254">
        <username>The [Epit0me] of PerFecTion</username>
        <sex>F</sex>
        <age>23</age>
        <city>WiDe AwaKe/Kenly</city>
        <province>North Carolina</province>
        <country>US</country>
      </user>
      <date>1213211520</date>
      <body>how does a person look single or taken</body>
    </post> 
 <post id="MS_1275_44530698">
      <user id="MS_182070469">
        <username>The Mighty S Man</username>
        <sex>M</sex>
        <age>17</age>
        <city>Anoka</city>
        <province>Minnesota</province>
        <country>US</country>
      </user>
      <date>1213211580</date>
      <body>uhduhnuh you have a bottle of champagne in your mouth and you look like your in a hotel room</body>
    </post> 
 <post id="MS_1275_44530998">
      <user id="MS_350808254">
        <username>The [Epit0me] of PerFecTion</username>
        <sex>F</sex>
        <age>23</age>
        <city>WiDe AwaKe/Kenly</city>
        <province>North Carolina</province>
        <country>US</country>
      </user>
      <date>1213211940</date>
      <body>lmfao....it was for my best friends birthday</body>
    </post> 
 <post id="MS_1275_44534525">
      <user id="MS_306209318">
        <username>R0b3rT</username>
        <sex>M</sex>
        <age>15</age>
        <city>Virginia</city>
        <province/>
        <country>US</country>
      </user>
      <date>1213216440</date>
      <body>u look like a partier, imma say single</body>
    </post> 
 <post id="MS_1275_44538308">
      <user id="MS_271084384">
        <username>Ã¢â&#128;&#158;â&#128;&#156;Ã&#145;â&#128;&#157;Ã&#143;Æ&#146;Ã¢â&#128;&#158;Â¢ Ã&#145;â&#128;&#154;Ã&#144;Â½Ã&#145;â&#128;&#157; gÃ&#142;Â±Ã&#144;Â¼Ã&#145;â&#128;&#157;Ã¢â&#128;&#158;Â¢</username>
        <sex>M</sex>
        <age>20</age>
        <city>R.I.P</city>
        <province>Midlands</province>
        <country>UK</country>
      </user>
      <date>1213222920</date>
      <body>Single ..!</body>
    </post> 
 <post id="MS_1275_44542181">
      <user id="MS_228587323">
        <username>Tanner</username>
        <sex>M</sex>
        <age>19</age>
        <city>sandford</city>
        <province>Tasmania</province>
        <country>AU</country>
      </user>
      <date>1213233780</date>
      <body>i gona say taken, either your taken or a player lol</body>
    </post> 
 <post id="MS_1275_44580404">
      <user id="MS_133131312">
        <username>*Slave~girl*</username>
        <sex>F</sex>
        <age>20</age>
        <city>SCHENECTADY</city>
        <province>New York</province>
        <country>US</country>
      </user>
      <date>1213286460</date>
      <body>single</body>
    </post> 
 <post id="MS_1275_44583195">
      <user id="MS_306209318">
        <username>R0b3rT</username>
        <sex>M</sex>
        <age>15</age>
        <city>Virginia</city>
        <province/>
        <country>US</country>
      </user>
      <date>1213289940</date>
      <body>single</body>
    </post>
</posts> 
