<?xml version="1.0" encoding="UTF-8"?> 
 <posts> 
 <post id="MS_1275_44502083">
      <user id="MS_213360081">
        <username>Ã&#144;anny</username>
        <sex>M</sex>
        <age>17</age>
        <city>Manchester</city>
        <province>Northwest</province>
        <country>UK</country>
      </user>
      <date>1213179000</date>
      <body>single</body>
    </post> 
 <post id="MS_1275_44502220">
      <user id="MS_213360081">
        <username>Ã&#144;anny</username>
        <sex>M</sex>
        <age>17</age>
        <city>Manchester</city>
        <province>Northwest</province>
        <country>UK</country>
      </user>
      <date>1213179120</date>
      <body>im single actually :P ;)  and skip me next person</body>
    </post> 
 <post id="MS_1275_44502425">
      <user id="MS_55848327">
        <username>-[-[.Miss.Meow.]-]-</username>
        <sex>F</sex>
        <age>69</age>
        <city>Neverland</city>
        <province>Northwest</province>
        <country>UK</country>
      </user>
      <date>1213179360</date>
      <body>This is er confusing but Ill say single =S</body>
    </post> 
 <post id="MS_1275_44503798">
      <user id="MS_379664262">
        <username>ALKA-KELSERS</username>
        <sex>F</sex>
        <age>19</age>
        <city>Wisconsin</city>
        <province/>
        <country>US</country>
      </user>
      <date>1213180740</date>
      <body>taken</body>
    </post> 
 <post id="MS_1275_44504936">
      <user id="MS_166505723">
        <username>Martin</username>
        <sex>M</sex>
        <age>20</age>
        <city>Houston</city>
        <province>Texas</province>
        <country>US</country>
      </user>
      <date>1213182000</date>
      <body>single</body>
    </post> 
 <post id="MS_1275_44510067">
      <user id="MS_133131312">
        <username>*Slave~girl*</username>
        <sex>F</sex>
        <age>20</age>
        <city>SCHENECTADY</city>
        <province>New York</province>
        <country>US</country>
      </user>
      <date>1213187400</date>
      <body>single</body>
    </post> 
 <post id="MS_1275_44510381">
      <user id="MS_385490102">
        <username>XxHannahxX</username>
        <sex>F</sex>
        <age>17</age>
        <city>Under a stone</city>
        <province>Scotland</province>
        <country>UK</country>
      </user>
      <date>1213187640</date>
      <body>taken</body>
    </post> 
 <post id="MS_1275_44510960">
      <user id="MS_133131312">
        <username>*Slave~girl*</username>
        <sex>F</sex>
        <age>20</age>
        <city>SCHENECTADY</city>
        <province>New York</province>
        <country>US</country>
      </user>
      <date>1213188180</date>
      <body>taken</body>
    </post> 
 <post id="MS_1275_44511098">
      <user id="MS_385490102">
        <username>XxHannahxX</username>
        <sex>F</sex>
        <age>17</age>
        <city>Under a stone</city>
        <province>Scotland</province>
        <country>UK</country>
      </user>
      <date>1213188300</date>
      <body>actually single :P</body>
    </post> 
 <post id="MS_1275_44529748">
      <user id="MS_239251549">
        <username>â&#156;&#152;[C] A T.â&#153;¥&lt;33[Ñ&#143;Î±Ï&#137;r ã&#131;&#132;</username>
        <sex>F</sex>
        <age>16</age>
        <city>costa mesa</city>
        <province>California</province>
        <country>US</country>
      </user>
      <date>1213210440</date>
      <body>um...</body>
    </post>
</posts> 
