<?xml version="1.0" encoding="UTF-8"?> 
 <posts> 
 <post id="MS_1275_44510067">
      <user id="MS_133131312">
        <username>*Slave~girl*</username>
        <sex>F</sex>
        <age>20</age>
        <city>SCHENECTADY</city>
        <province>New York</province>
        <country>US</country>
      </user>
      <date>1213187400</date>
      <body>single</body>
    </post> 
 <post id="MS_1275_44510381">
      <user id="MS_385490102">
        <username>XxHannahxX</username>
        <sex>F</sex>
        <age>17</age>
        <city>Under a stone</city>
        <province>Scotland</province>
        <country>UK</country>
      </user>
      <date>1213187640</date>
      <body>taken</body>
    </post> 
 <post id="MS_1275_44510960">
      <user id="MS_133131312">
        <username>*Slave~girl*</username>
        <sex>F</sex>
        <age>20</age>
        <city>SCHENECTADY</city>
        <province>New York</province>
        <country>US</country>
      </user>
      <date>1213188180</date>
      <body>taken</body>
    </post> 
 <post id="MS_1275_44511098">
      <user id="MS_385490102">
        <username>XxHannahxX</username>
        <sex>F</sex>
        <age>17</age>
        <city>Under a stone</city>
        <province>Scotland</province>
        <country>UK</country>
      </user>
      <date>1213188300</date>
      <body>actually single :P</body>
    </post> 
 <post id="MS_1275_44529748">
      <user id="MS_239251549">
        <username>â&#156;&#152;[C] A T.â&#153;¥&lt;33[Ñ&#143;Î±Ï&#137;r ã&#131;&#132;</username>
        <sex>F</sex>
        <age>16</age>
        <city>costa mesa</city>
        <province>California</province>
        <country>US</country>
      </user>
      <date>1213210440</date>
      <body>um...</body>
    </post> 
 <post id="MS_1275_44530072">
      <user id="MS_88876286">
        <username>Beto =/</username>
        <sex>M</sex>
        <age>21</age>
        <city>California</city>
        <province/>
        <country>US</country>
      </user>
      <date>1213210860</date>
      <body>hmmm.... single</body>
    </post> 
 <post id="MS_1275_44530119">
      <user id="MS_350808254">
        <username>The [Epit0me] of PerFecTion</username>
        <sex>F</sex>
        <age>23</age>
        <city>WiDe AwaKe/Kenly</city>
        <province>North Carolina</province>
        <country>US</country>
      </user>
      <date>1213210920</date>
      <body>single</body>
    </post> 
 <post id="MS_1275_44530366">
      <user id="MS_182070469">
        <username>The Mighty S Man</username>
        <sex>M</sex>
        <age>17</age>
        <city>Anoka</city>
        <province>Minnesota</province>
        <country>US</country>
      </user>
      <date>1213211220</date>
      <body>taken</body>
    </post> 
 <post id="MS_1275_44530447">
      <user id="MS_350808254">
        <username>The [Epit0me] of PerFecTion</username>
        <sex>F</sex>
        <age>23</age>
        <city>WiDe AwaKe/Kenly</city>
        <province>North Carolina</province>
        <country>US</country>
      </user>
      <date>1213211340</date>
      <body> im single</body>
    </post> 
 <post id="MS_1275_44530510">
      <user id="MS_182070469">
        <username>The Mighty S Man</username>
        <sex>M</sex>
        <age>17</age>
        <city>Anoka</city>
        <province>Minnesota</province>
        <country>US</country>
      </user>
      <date>1213211400</date>
      <body>oh you don't look it</body>
    </post>
</posts> 
