<?xml version="1.0" encoding="UTF-8"?> 
 <posts> 
 <post id="MS_2662_45432202">
      <user id="MS_389055884">
        <username>Fabwow</username>
        <sex>M</sex>
        <age>45</age>
        <city>SW</city>
        <province/>
        <country>UK</country>
      </user>
      <date>1214697180</date>
      <body>1. Last flowers, Radiohead 2. Just a girl, Pale Fountains 3. Viva La Vida, Coldplay  Clem  http://www.myspace.com/clemfabwow</body>
    </post> 
 <post id="MS_2662_45432919">
      <user id="MS_52395185">
        <username>Xero</username>
        <sex>F</sex>
        <age>108</age>
        <city>California</city>
        <province/>
        <country>US</country>
      </user>
      <date>1214699520</date>
      <body>NoFX - Eat The Meek (Dub Mix)  Billy Idol - Dancing With Myself  Depeche Mode - John The Revelator  For now at least, ask again next week it'll prob be different.</body>
    </post> 
 <post id="MS_2662_45436502">
      <user id="MS_382206261">
        <username>khawla</username>
        <sex>F</sex>
        <age>15</age>
        <city>-1</city>
        <province/>
        <country>SA</country>
      </user>
      <date>1214712960</date>
      <body>the backstreet boys-inconsolable shayne ward-tell him chris brown-with you</body>
    </post> 
 <post id="MS_2662_45438535">
      <user id="MS_146477178">
        <username>gHiE</username>
        <sex>F</sex>
        <age>20</age>
        <city>manila</city>
        <province/>
        <country>PH</country>
      </user>
      <date>1214718180</date>
      <body>1. forever - chris brown 2. if i never see your face again - maroon 5 and rihanna 3. take a bow - rihanna</body>
    </post> 
 <post id="MS_2662_45476792">
      <user id="MS_52395185">
        <username>Xero</username>
        <sex>F</sex>
        <age>108</age>
        <city>California</city>
        <province/>
        <country>US</country>
      </user>
      <date>1214774460</date>
      <body>Why do I have the best taste in music?</body>
    </post> 
 <post id="MS_2662_45486044">
      <user id="MS_389055884">
        <username>Fabwow</username>
        <sex>M</sex>
        <age>45</age>
        <city>SW</city>
        <province/>
        <country>UK</country>
      </user>
      <date>1214801280</date>
      <body>  Well, taste is subjective,</body>
    </post> 
 <post id="MS_2662_45489138">
      <user id="MS_353301915">
        <username>â&#153;  Heckled Jenn â&#153; </username>
        <sex>F</sex>
        <age>18</age>
        <city>Over the neon rainbow</city>
        <province>Midlands</province>
        <country>UK</country>
      </user>
      <date>1214807100</date>
      <body>1) Vermillion Lies- Circus Apocalypse  2) Emilie Autumn- Dead is the New Alive  3) The Dresden Dolls- Night Reconnaissance</body>
    </post> 
 <post id="MS_2662_45490326">
      <user id="MS_380024978">
        <username>Dirty Ghetto Kid</username>
        <sex>M</sex>
        <age>17</age>
        <city>My mothers womb</city>
        <province>Indiana</province>
        <country>US</country>
      </user>
      <date>1214809080</date>
      <body>Bulls on parade - Rage Against the Machine Demons Theme - LTJ Bukem Don't sweat the technique - Eric B. &amp; Rakim</body>
    </post> 
 <post id="MS_2662_45490537">
      <user id="MS_380024978">
        <username>Dirty Ghetto Kid</username>
        <sex>M</sex>
        <age>17</age>
        <city>My mothers womb</city>
        <province>Indiana</province>
        <country>US</country>
      </user>
      <date>1214809440</date>
      <body> hell yeah</body>
    </post>
</posts> 
