<?xml version="1.0" encoding="UTF-8"?> 
 <posts> 
 <post id="MS_29174_46036646">
      <user id="MS_97326494">
        <username>Duncan Destruction</username>
        <sex>M</sex>
        <age>25</age>
        <city>Dundee</city>
        <province>Scotland</province>
        <country>UK</country>
      </user>
      <date>1215684900</date>
      <body>  Also Scarlett Johansson, she's only good if the role requires her to look confused all the time.</body>
    </post> 
 <post id="MS_29174_46036651">
      <user id="MS_2278378">
        <username>Surf</username>
        <sex>M</sex>
        <age>27</age>
        <city>Riverside (No Longer San Diego :(</city>
        <province>California</province>
        <country>US</country>
      </user>
      <date>1215684900</date>
      <body>  We know, that's not why we like her.  </body>
    </post> 
 <post id="MS_29174_46036658">
      <user id="MS_165864578">
        <username>C. Allen Bell</username>
        <sex>M</sex>
        <age>108</age>
        <city>South philadelphia</city>
        <province>Pennsylvania</province>
        <country>US</country>
      </user>
      <date>1215684900</date>
      <body>I don't tihnk anyone s under the illusion that she can in fact act but she does have tits. Those in some cases make up for acting all togther.</body>
    </post> 
 <post id="MS_29174_46042032">
      <user id="MS_60439146">
        <username>El REY a.k.a. Da Franchise</username>
        <sex>M</sex>
        <age>25</age>
        <city>BRONX</city>
        <province>New York</province>
        <country>US</country>
      </user>
      <date>1215690300</date>
      <body>  I never thought he was in snl and i dont think hes funny now.</body>
    </post> 
 <post id="MS_29174_46042224">
      <user id="MS_165864578">
        <username>C. Allen Bell</username>
        <sex>M</sex>
        <age>108</age>
        <city>South philadelphia</city>
        <province>Pennsylvania</province>
        <country>US</country>
      </user>
      <date>1215690480</date>
      <body> Ahmen.</body>
    </post> 
 <post id="MS_29174_46042429">
      <user id="MS_388979262">
        <username>Franz Patrick</username>
        <sex>M</sex>
        <age>20</age>
        <city>California</city>
        <province/>
        <country>US</country>
      </user>
      <date>1215690720</date>
      <body>YES! Jessica Alba. She has yet to come up with a DECENT movie.  Channing Tatum. Enough said.</body>
    </post> 
 <post id="MS_29174_46044002">
      <user id="MS_282571380">
        <username>Anthony</username>
        <sex>M</sex>
        <age>18</age>
        <city>Michigan</city>
        <province/>
        <country>US</country>
      </user>
      <date>1215692520</date>
      <body>seth rogen and morgan freeman</body>
    </post> 
 <post id="MS_29174_46045679">
      <user id="MS_371952239">
        <username>ilker</username>
        <sex>M</sex>
        <age>22</age>
        <city>Mersin</city>
        <province/>
        <country>TR</country>
      </user>
      <date>1215694440</date>
      <body>Jim Carrey</body>
    </post> 
 <post id="MS_29174_46047429">
      <user id="MS_371952239">
        <username>ilker</username>
        <sex>M</sex>
        <age>22</age>
        <city>Mersin</city>
        <province/>
        <country>TR</country>
      </user>
      <date>1215696540</date>
      <body> He's never safe on the screen when he's in my sights.</body>
    </post> 
 <post id="MS_29174_46047665">
      <user id="MS_81580721">
        <username>~Andy~</username>
        <sex>M</sex>
        <age>20</age>
        <city>Somewhere</city>
        <province>Tennessee</province>
        <country>US</country>
      </user>
      <date>1215696840</date>
      <body>Your all just jealous. Jim Carey is great, Will Ferrell is funny, people just have different tastes in humor. And Fantastic Four was a good movie so Jessica Alba isn't a bad actor and she was good in Idle Hand as well. And whats wrong with Morgan Freeman?</body>
    </post>
</posts> 
