<?xml version="1.0" encoding="UTF-8"?> 
 <posts> 
 <post id="MS_30487_47205156">
      <user id="MS_207188824">
        <username>Robo-Pennies 2.0</username>
        <sex>M</sex>
        <age>26</age>
        <city>Texas</city>
        <province/>
        <country>US</country>
      </user>
      <date>1217575200</date>
      <body>did he cover that rehab song?</body>
    </post> 
 <post id="MS_30487_47205598">
      <user id="MS_207188824">
        <username>Robo-Pennies 2.0</username>
        <sex>M</sex>
        <age>26</age>
        <city>Texas</city>
        <province/>
        <country>US</country>
      </user>
      <date>1217575800</date>
      <body>i think it's called 'sittin in a bar'. yeah, he did it the second time i saw him in austin.</body>
    </post> 
 <post id="MS_30487_47205901">
      <user id="MS_22448491">
        <username>Christophe O'Blivionâ&#132;¢</username>
        <sex>M</sex>
        <age>29</age>
        <city>Hampshire</city>
        <province>London and South East</province>
        <country>UK</country>
      </user>
      <date>1217576220</date>
      <body>I have no idea who that guy is.</body>
    </post> 
 <post id="MS_30487_47206125">
      <user id="MS_22448491">
        <username>Christophe O'BlivionÃ¢â&#128;&#158;Â¢</username>
        <sex>M</sex>
        <age>29</age>
        <city>Hampshire</city>
        <province>London and South East</province>
        <country>UK</country>
      </user>
      <date>1217576520</date>
      <body>Haha I know Stitch is a twat..  I was on about the bald guitar-y guy. :P</body>
    </post> 
 <post id="MS_30487_47226517">
      <user id="MS_182584083">
        <username>Marshmallow Matey</username>
        <sex>M</sex>
        <age>20</age>
        <city>CHADWICK</city>
        <province>Illinois</province>
        <country>US</country>
      </user>
      <date>1217599620</date>
      <body>Hmmmm</body>
    </post> 
 <post id="MS_30487_47226570">
      <user id="MS_320148833">
        <username>Ã¢Ë&#156;Â JennÃ¢Ë&#156;Â </username>
        <sex>F</sex>
        <age>28</age>
        <city>SACRAMENTO</city>
        <province>California</province>
        <country>US</country>
      </user>
      <date>1217599680</date>
      <body>  Who is he?</body>
    </post> 
 <post id="MS_30487_47226615">
      <user id="MS_320148833">
        <username>Ã¢Ë&#156;Â JennÃ¢Ë&#156;Â </username>
        <sex>F</sex>
        <age>28</age>
        <city>SACRAMENTO</city>
        <province>California</province>
        <country>US</country>
      </user>
      <date>1217599740</date>
      <body>So Stitch was Spaulding too. This forum is fuckin whack.</body>
    </post> 
 <post id="MS_30487_47226630">
      <user id="MS_320148833">
        <username>Ã¢Ë&#156;Â JennÃ¢Ë&#156;Â </username>
        <sex>F</sex>
        <age>28</age>
        <city>SACRAMENTO</city>
        <province>California</province>
        <country>US</country>
      </user>
      <date>1217599800</date>
      <body>  My bad. I read the thread.</body>
    </post> 
 <post id="MS_30487_47226677">
      <user id="MS_133968">
        <username>Ricardo</username>
        <sex>M</sex>
        <age>34</age>
        <city>Chicago</city>
        <province>Illinois</province>
        <country>US</country>
      </user>
      <date>1217599860</date>
      <body>    I gave up trying to figure who is who in here</body>
    </post> 
 <post id="MS_30487_47226793">
      <user id="MS_182584083">
        <username>Marshmallow Matey</username>
        <sex>M</sex>
        <age>20</age>
        <city>CHADWICK</city>
        <province>Illinois</province>
        <country>US</country>
      </user>
      <date>1217599980</date>
      <body>Can you believe there is still gonna be something that is gonna happen in the movie forum in 5 days?</body>
    </post>
</posts> 
