<?xml version="1.0" encoding="UTF-8"?> 
 <posts> 
 <post id="MS_30487_47203939">
      <user id="MS_370090140">
        <username>Dr.doom</username>
        <sex>M</sex>
        <age>22</age>
        <city>Iowa</city>
        <province/>
        <country>US</country>
      </user>
      <date>1217573700</date>
      <body>hahahahahahahaha</body>
    </post> 
 <post id="MS_30487_47204071">
      <user id="MS_207188824">
        <username>Robo-Pennies 2.0</username>
        <sex>M</sex>
        <age>26</age>
        <city>Texas</city>
        <province/>
        <country>US</country>
      </user>
      <date>1217573820</date>
      <body/>
    </post> 
 <post id="MS_30487_47204151">
      <user id="MS_43445330">
        <username>ç&#155;¸ç&#149;¶ è©²æ­» RANDOM</username>
        <sex>M</sex>
        <age>26</age>
        <city>FORT WORTH</city>
        <province>Texas</province>
        <country>US</country>
      </user>
      <date>1217573940</date>
      <body> </body>
    </post> 
 <post id="MS_30487_47204246">
      <user id="MS_118204420">
        <username>Dain bramaged</username>
        <sex>M</sex>
        <age>29</age>
        <city>The last place you look</city>
        <province>Florida</province>
        <country>US</country>
      </user>
      <date>1217574060</date>
      <body> we already considered you a joke, but congrats on discovering the truth.</body>
    </post> 
 <post id="MS_30487_47204485">
      <user id="MS_207188824">
        <username>Robo-Pennies 2.0</username>
        <sex>M</sex>
        <age>26</age>
        <city>Texas</city>
        <province/>
        <country>US</country>
      </user>
      <date>1217574360</date>
      <body>last time i saw him in concert he explained the story behind the song. it was pretty cool.</body>
    </post> 
 <post id="MS_30487_47205156">
      <user id="MS_207188824">
        <username>Robo-Pennies 2.0</username>
        <sex>M</sex>
        <age>26</age>
        <city>Texas</city>
        <province/>
        <country>US</country>
      </user>
      <date>1217575200</date>
      <body>did he cover that rehab song?</body>
    </post> 
 <post id="MS_30487_47205598">
      <user id="MS_207188824">
        <username>Robo-Pennies 2.0</username>
        <sex>M</sex>
        <age>26</age>
        <city>Texas</city>
        <province/>
        <country>US</country>
      </user>
      <date>1217575800</date>
      <body>i think it's called 'sittin in a bar'. yeah, he did it the second time i saw him in austin.</body>
    </post> 
 <post id="MS_30487_47205901">
      <user id="MS_22448491">
        <username>Christophe O'Blivionâ&#132;¢</username>
        <sex>M</sex>
        <age>29</age>
        <city>Hampshire</city>
        <province>London and South East</province>
        <country>UK</country>
      </user>
      <date>1217576220</date>
      <body>I have no idea who that guy is.</body>
    </post> 
 <post id="MS_30487_47206125">
      <user id="MS_22448491">
        <username>Christophe O'BlivionÃ¢â&#128;&#158;Â¢</username>
        <sex>M</sex>
        <age>29</age>
        <city>Hampshire</city>
        <province>London and South East</province>
        <country>UK</country>
      </user>
      <date>1217576520</date>
      <body>Haha I know Stitch is a twat..  I was on about the bald guitar-y guy. :P</body>
    </post> 
 <post id="MS_30487_47226517">
      <user id="MS_182584083">
        <username>Marshmallow Matey</username>
        <sex>M</sex>
        <age>20</age>
        <city>CHADWICK</city>
        <province>Illinois</province>
        <country>US</country>
      </user>
      <date>1217599620</date>
      <body>Hmmmm</body>
    </post>
</posts> 
