<?xml version="1.0" encoding="UTF-8"?> 
 <posts> 
 <post id="MS_12612_51815316">
      <user id="MS_26692575">
        <username>Todd</username>
        <sex>M</sex>
        <age>26</age>
        <city>Nashville</city>
        <province>TENNESSEE</province>
        <country>US</country>
      </user>
      <date>1225196520</date>
      <body> I don't have the power to delete forums. I can only show you how you are an idiot.</body>
    </post> 
 <post id="MS_12612_51815341">
      <user id="MS_101676732">
        <username>Dawn</username>
        <sex>F</sex>
        <age>20</age>
        <city>Puyallup</city>
        <province>Washington</province>
        <country>US</country>
      </user>
      <date>1225196580</date>
      <body>  Last-minute research and listening to pundits does not quite equal the same as actually following the campaigns. And a lot of people have died for a lot of rights we don't invoke at every opportunity.  Also it really did sneak up on me.</body>
    </post> 
 <post id="MS_12612_51815367">
      <user id="MS_423020769">
        <username>Desperate Republicans</username>
        <sex>M</sex>
        <age>38</age>
        <city>CHICAGO</city>
        <province>Illinois</province>
        <country>US</country>
      </user>
      <date>1225196580</date>
      <body>Hey  cut down on your meat intake. Blood pressure not good.</body>
    </post> 
 <post id="MS_12612_51815441">
      <user id="MS_101676732">
        <username>Dawn</username>
        <sex>F</sex>
        <age>20</age>
        <city>Puyallup</city>
        <province>Washington</province>
        <country>US</country>
      </user>
      <date>1225196700</date>
      <body>  I think we're a few generations past when they would just want one, actually.</body>
    </post> 
 <post id="MS_12612_51815534">
      <user id="MS_35158736">
        <username>5 days for 5 minutes?!</username>
        <sex>M</sex>
        <age>23</age>
        <city>Freakville</city>
        <province>Florida</province>
        <country>US</country>
      </user>
      <date>1225196820</date>
      <body>   Yea... Probably.</body>
    </post> 
 <post id="MS_12612_51815536">
      <user id="MS_423020769">
        <username>Desperate Republicans</username>
        <sex>M</sex>
        <age>38</age>
        <city>CHICAGO</city>
        <province>Illinois</province>
        <country>US</country>
      </user>
      <date>1225196820</date>
      <body>quick headlines         </body>
    </post> 
 <post id="MS_12612_51815542">
      <user id="MS_26692575">
        <username>Todd</username>
        <sex>M</sex>
        <age>26</age>
        <city>Nashville</city>
        <province>TENNESSEE</province>
        <country>US</country>
      </user>
      <date>1225196820</date>
      <body> I'll agree with you on the last min thing. What did Desperate Republicans say about meat intake. I think he is loosing it. We already know he is in denial about who is going to win the election.</body>
    </post> 
 <post id="MS_12612_51815604">
      <user id="MS_26692575">
        <username>Todd</username>
        <sex>M</sex>
        <age>26</age>
        <city>Nashville</city>
        <province>TENNESSEE</province>
        <country>US</country>
      </user>
      <date>1225196880</date>
      <body> DOES THAT REALLY SAY DON'T FACT CHECK JUST ELECT.......Thats my point. you don't want people to look to closely. because if they do they will vte for someone else.</body>
    </post> 
 <post id="MS_12612_51815606">
      <user id="MS_423020769">
        <username>Desperate Republicans</username>
        <sex>M</sex>
        <age>38</age>
        <city>CHICAGO</city>
        <province>Illinois</province>
        <country>US</country>
      </user>
      <date>1225196880</date>
      <body>Todd   It's about having a civil conversation.</body>
    </post> 
 <post id="MS_12612_51815746">
      <user id="MS_26692575">
        <username>Todd</username>
        <sex>M</sex>
        <age>26</age>
        <city>Nashville</city>
        <province>TENNESSEE</province>
        <country>US</country>
      </user>
      <date>1225197060</date>
      <body> I can't have a civil conversation when you are trying to make American a country of hate and bigotry. I can't believe that someone like you who is obviously smart enough to type isn't smart enough to see that what they are doing is bad for America. If you don't like Obama or one of the other candidates. They say why you think John is better. Don't post Racist Videos about Obama. Americans are smarter than that.</body>
    </post>
</posts> 
